"","hostname","protname","pairname"
"1","Hippotragus niger","Babesia bigemina","Babesia bigemina ,  Hippotragus niger"
"2","Odocoileus virginianus","Babesia bigemina","Babesia bigemina ,  Odocoileus virginianus"
"3","Odocoileus virginianus","Babesia bovis","Babesia bovis ,  Odocoileus virginianus"
"4","Macaca sinica","Babesia cellii","Babesia cellii ,  Macaca sinica"
"5","Cynictis penicillata","Babesia cynicti","Babesia cynicti ,  Cynictis penicillata"
"6","Equus zebra","Babesia equi","Babesia equi ,  Equus zebra"
"7","Papio cynocephalus","Babesia equi","Babesia equi ,  Papio cynocephalus"
"8","Procyon lotor","Babesia lotori","Babesia lotori ,  Procyon lotor"
"9","Papio cynocephalus","Babesia microti","Babesia microti ,  Papio cynocephalus"
"10","Meles meles","Babesia missirolii","Babesia missirolii ,  Meles meles"
"11","Odocoileus virginianus","Babesia odocoilei","Babesia odocoilei ,  Odocoileus virginianus"
"12","Capra pyrenaica","Babesia ovis","Babesia ovis ,  Capra pyrenaica"
"13","Cervus elaphus","Babesia ovis","Babesia ovis ,  Cervus elaphus"
"14","Rupicapra rupicapra","Babesia ovis","Babesia ovis ,  Rupicapra rupicapra"
"15","Cercopithecus ascanius","Babesia pitheci","Babesia pitheci ,  Cercopithecus ascanius"
"16","Cercopithecus mitis","Babesia pitheci","Babesia pitheci ,  Cercopithecus mitis"
"17","Chlorocebus aethiops","Babesia pitheci","Babesia pitheci ,  Chlorocebus aethiops"
"18","Lophocebus aterrimus","Babesia pitheci","Babesia pitheci ,  Lophocebus aterrimus"
"19","Propithecus coquereli","Babesia propitheci","Babesia propitheci ,  Propithecus coquereli"
"20","Lycaon pictus","Babesia rossi","Babesia rossi ,  Lycaon pictus"
"21","Alouatta caraya","Balantidium aragaoi","Balantidium aragaoi ,  Alouatta caraya"
"22","Ateles paniscus","Balantidium coli","Balantidium coli ,  Ateles paniscus"
"23","Cercocebus galeritus","Balantidium coli","Balantidium coli ,  Cercocebus galeritus"
"24","Cercopithecus mitis","Balantidium coli","Balantidium coli ,  Cercopithecus mitis"
"25","Equus grevyi","Balantidium coli","Balantidium coli ,  Equus grevyi"
"26","Eulemur rufus","Balantidium coli","Balantidium coli ,  Eulemur rufus"
"27","Gorilla gorilla","Balantidium coli","Balantidium coli ,  Gorilla gorilla"
"28","Hylobates lar","Balantidium coli","Balantidium coli ,  Hylobates lar"
"29","Macaca sinica","Balantidium coli","Balantidium coli ,  Macaca sinica"
"30","Mandrillus sphinx","Balantidium coli","Balantidium coli ,  Mandrillus sphinx"
"31","Martes foina","Balantidium coli","Balantidium coli ,  Martes foina"
"32","Pan troglodytes","Balantidium coli","Balantidium coli ,  Pan troglodytes"
"33","Papio anubis","Balantidium coli","Balantidium coli ,  Papio anubis"
"34","Papio cynocephalus","Balantidium coli","Balantidium coli ,  Papio cynocephalus"
"35","Papio hamadryas","Balantidium coli","Balantidium coli ,  Papio hamadryas"
"36","Papio papio","Balantidium coli","Balantidium coli ,  Papio papio"
"37","Papio ursinus","Balantidium coli","Balantidium coli ,  Papio ursinus"
"38","Pongo abelii","Balantidium coli","Balantidium coli ,  Pongo abelii"
"39","Pongo pygmaeus","Balantidium coli","Balantidium coli ,  Pongo pygmaeus"
"40","Rangifer tarandus","Besnoitia tarandi","Besnoitia tarandi ,  Rangifer tarandus"
"41","Alouatta seniculus","Blastocystis hominis","Blastocystis hominis ,  Alouatta seniculus"
"42","Ateles chamek","Blastocystis hominis","Blastocystis hominis ,  Ateles chamek"
"43","Cebus apella","Blastocystis hominis","Blastocystis hominis ,  Cebus apella"
"44","Chlorocebus aethiops","Blastocystis hominis","Blastocystis hominis ,  Chlorocebus aethiops"
"45","Papio anubis","Blastocystis hominis","Blastocystis hominis ,  Papio anubis"
"46","Saimiri sciureus","Blastocystis hominis","Blastocystis hominis ,  Saimiri sciureus"
"47","Alouatta seniculus","Chilomastix mesnili","Chilomastix mesnili ,  Alouatta seniculus"
"48","Ateles chamek","Chilomastix mesnili","Chilomastix mesnili ,  Ateles chamek"
"49","Callicebus brunneus","Chilomastix mesnili","Chilomastix mesnili ,  Callicebus brunneus"
"50","Cebus albifrons","Chilomastix mesnili","Chilomastix mesnili ,  Cebus albifrons"
"51","Cercopithecus ascanius","Chilomastix mesnili","Chilomastix mesnili ,  Cercopithecus ascanius"
"52","Cercopithecus mitis","Chilomastix mesnili","Chilomastix mesnili ,  Cercopithecus mitis"
"53","Colobus guereza","Chilomastix mesnili","Chilomastix mesnili ,  Colobus guereza"
"54","Gorilla beringei","Chilomastix mesnili","Chilomastix mesnili ,  Gorilla beringei"
"55","Lophocebus albigena","Chilomastix mesnili","Chilomastix mesnili ,  Lophocebus albigena"
"56","Pan troglodytes","Chilomastix mesnili","Chilomastix mesnili ,  Pan troglodytes"
"57","Papio anubis","Chilomastix mesnili","Chilomastix mesnili ,  Papio anubis"
"58","Papio cynocephalus","Chilomastix mesnili","Chilomastix mesnili ,  Papio cynocephalus"
"59","Papio papio","Chilomastix mesnili","Chilomastix mesnili ,  Papio papio"
"60","Papio ursinus","Chilomastix mesnili","Chilomastix mesnili ,  Papio ursinus"
"61","Piliocolobus rufomitratus","Chilomastix mesnili","Chilomastix mesnili ,  Piliocolobus rufomitratus"
"62","Saimiri sciureus","Chilomastix mesnili","Chilomastix mesnili ,  Saimiri sciureus"
"63","Alces alces","Cryptosporidium parvum","Cryptosporidium parvum ,  Alces alces"
"64","Bison bonasus","Cryptosporidium parvum","Cryptosporidium parvum ,  Bison bonasus"
"65","Canis lupus","Cryptosporidium parvum","Cryptosporidium parvum ,  Canis lupus"
"66","Capreolus capreolus","Cryptosporidium parvum","Cryptosporidium parvum ,  Capreolus capreolus"
"67","Cervus elaphus","Cryptosporidium parvum","Cryptosporidium parvum ,  Cervus elaphus"
"68","Dama dama","Cryptosporidium parvum","Cryptosporidium parvum ,  Dama dama"
"69","Gorilla beringei","Cryptosporidium parvum","Cryptosporidium parvum ,  Gorilla beringei"
"70","Mephitis mephitis","Cryptosporidium parvum","Cryptosporidium parvum ,  Mephitis mephitis"
"71","Muntiacus reevesi","Cryptosporidium parvum","Cryptosporidium parvum ,  Muntiacus reevesi"
"72","Nyctereutes procyonoides","Cryptosporidium parvum","Cryptosporidium parvum ,  Nyctereutes procyonoides"
"73","Odocoileus virginianus","Cryptosporidium parvum","Cryptosporidium parvum ,  Odocoileus virginianus"
"74","Procyon lotor","Cryptosporidium parvum","Cryptosporidium parvum ,  Procyon lotor"
"75","Sus scrofa","Cryptosporidium parvum","Cryptosporidium parvum ,  Sus scrofa"
"76","Trachypithecus vetulus","Cryptosporidium parvum","Cryptosporidium parvum ,  Trachypithecus vetulus"
"77","Ursus americanus","Cryptosporidium parvum","Cryptosporidium parvum ,  Ursus americanus"
"78","Vulpes vulpes","Cryptosporidium parvum","Cryptosporidium parvum ,  Vulpes vulpes"
"79","Zalophus californianus","Cryptosporidium parvum","Cryptosporidium parvum ,  Zalophus californianus"
"80","Chlorocebus aethiops","Cyclospora cercopitheci","Cyclospora cercopitheci ,  Chlorocebus aethiops"
"81","Colobus guereza","Cyclospora colobi","Cyclospora colobi ,  Colobus guereza"
"82","Papio anubis","Cyclospora papionis","Cyclospora papionis ,  Papio anubis"
"83","Papio papio","Cyclospora papionis","Cyclospora papionis ,  Papio papio"
"84","Canis latrans","Isospora canis","Isospora canis ,  Canis latrans"
"85","Vulpes vulpes","Isospora canis","Isospora canis ,  Vulpes vulpes"
"86","Canis latrans","Cystoisospora felis","Cystoisospora felis ,  Canis latrans"
"87","Felis silvestris","Cystoisospora felis","Cystoisospora felis ,  Felis silvestris"
"88","Genetta genetta","Cystoisospora felis","Cystoisospora felis ,  Genetta genetta"
"89","Lynx pardinus","Cystoisospora felis","Cystoisospora felis ,  Lynx pardinus"
"90","Lynx rufus","Cystoisospora felis","Cystoisospora felis ,  Lynx rufus"
"91","Martes foina","Cystoisospora felis","Cystoisospora felis ,  Martes foina"
"92","Panthera leo","Cystoisospora felis","Cystoisospora felis ,  Panthera leo"
"93","Vulpes vulpes","Cystoisospora felis","Cystoisospora felis ,  Vulpes vulpes"
"94","Canis latrans","Cystoisospora ohioensis","Cystoisospora ohioensis ,  Canis latrans"
"95","Lynx pardinus","Cytauxzoon felis","Cytauxzoon felis ,  Lynx pardinus"
"96","Lynx rufus","Cytauxzoon felis","Cytauxzoon felis ,  Lynx rufus"
"97","Puma concolor","Cytauxzoon felis","Cytauxzoon felis ,  Puma concolor"
"98","Felis manul","Cytauxzoon manul","Cytauxzoon manul ,  Felis manul"
"99","Cercopithecus ascanius","Dientamoeba fragilis","Dientamoeba fragilis ,  Cercopithecus ascanius"
"100","Cercopithecus mitis","Dientamoeba fragilis","Dientamoeba fragilis ,  Cercopithecus mitis"
"101","Colobus guereza","Dientamoeba fragilis","Dientamoeba fragilis ,  Colobus guereza"
"102","Lophocebus albigena","Dientamoeba fragilis","Dientamoeba fragilis ,  Lophocebus albigena"
"103","Papio anubis","Dientamoeba fragilis","Dientamoeba fragilis ,  Papio anubis"
"104","Piliocolobus rufomitratus","Dientamoeba fragilis","Dientamoeba fragilis ,  Piliocolobus rufomitratus"
"105","Bison bison","Eimeria auburnensis","Eimeria auburnensis ,  Bison bison"
"106","Bison bison","Eimeria bovis","Eimeria bovis ,  Bison bison"
"107","Felis silvestris","Eimeria felina","Eimeria felina ,  Felis silvestris"
"108","Genetta genetta","Eimeria felina","Eimeria felina ,  Genetta genetta"
"109","Mustela nigripes","Eimeria furonis","Eimeria furonis ,  Mustela nigripes"
"110","Mustela nigripes","Eimeria ictidea","Eimeria ictidea ,  Mustela nigripes"
"111","Lama glama","Eimeria macusaniensis","Eimeria macusaniensis ,  Lama glama"
"112","Odocoileus virginianus","Eimeria madisonensis","Eimeria madisonensis ,  Odocoileus virginianus"
"113","Odocoileus virginianus","Eimeria mccordocki","Eimeria mccordocki ,  Odocoileus virginianus"
"114","Meles meles","Eimeria melis","Eimeria melis ,  Meles meles"
"115","Spilogale putorius","Eimeria mephitidis","Eimeria mephitidis ,  Spilogale putorius"
"116","Procyon lotor","Eimeria nuttalli","Eimeria nuttalli ,  Procyon lotor"
"117","Procyon pygmaeus","Eimeria nuttalli","Eimeria nuttalli ,  Procyon pygmaeus"
"118","Odocoileus virginianus","Eimeria odocoilei","Eimeria odocoilei ,  Odocoileus virginianus"
"119","Nycticebus coucang","Eimeria pachylepyron","Eimeria pachylepyron ,  Nycticebus coucang"
"120","Herpestes ichneumon","Eimeria vulpis","Eimeria vulpis ,  Herpestes ichneumon"
"121","Bison bison","Eimeria zuernii","Eimeria zuernii ,  Bison bison"
"122","Cebus albifrons","Endolimax nana","Endolimax nana ,  Cebus albifrons"
"123","Cebus apella","Endolimax nana","Endolimax nana ,  Cebus apella"
"124","Cercopithecus albogularis","Endolimax nana","Endolimax nana ,  Cercopithecus albogularis"
"125","Cercopithecus ascanius","Endolimax nana","Endolimax nana ,  Cercopithecus ascanius"
"126","Cercopithecus mitis","Endolimax nana","Endolimax nana ,  Cercopithecus mitis"
"127","Colobus guereza","Endolimax nana","Endolimax nana ,  Colobus guereza"
"128","Gorilla beringei","Endolimax nana","Endolimax nana ,  Gorilla beringei"
"129","Lophocebus albigena","Endolimax nana","Endolimax nana ,  Lophocebus albigena"
"130","Mandrillus sphinx","Endolimax nana","Endolimax nana ,  Mandrillus sphinx"
"131","Pan troglodytes","Endolimax nana","Endolimax nana ,  Pan troglodytes"
"132","Papio anubis","Endolimax nana","Endolimax nana ,  Papio anubis"
"133","Papio cynocephalus","Endolimax nana","Endolimax nana ,  Papio cynocephalus"
"134","Papio ursinus","Endolimax nana","Endolimax nana ,  Papio ursinus"
"135","Piliocolobus rufomitratus","Endolimax nana","Endolimax nana ,  Piliocolobus rufomitratus"
"136","Cercopithecus albogularis","Entamoeba chattoni","Entamoeba chattoni ,  Cercopithecus albogularis"
"137","Pan troglodytes","Entamoeba chattoni","Entamoeba chattoni ,  Pan troglodytes"
"138","Papio cynocephalus","Entamoeba chattoni","Entamoeba chattoni ,  Papio cynocephalus"
"139","Papio ursinus","Entamoeba chattoni","Entamoeba chattoni ,  Papio ursinus"
"140","Alouatta pigra","Entamoeba coli","Entamoeba coli ,  Alouatta pigra"
"141","Cercocebus galeritus","Entamoeba coli","Entamoeba coli ,  Cercocebus galeritus"
"142","Cercopithecus albogularis","Entamoeba coli","Entamoeba coli ,  Cercopithecus albogularis"
"143","Cercopithecus ascanius","Entamoeba coli","Entamoeba coli ,  Cercopithecus ascanius"
"144","Cercopithecus mitis","Entamoeba coli","Entamoeba coli ,  Cercopithecus mitis"
"145","Chlorocebus aethiops","Entamoeba coli","Entamoeba coli ,  Chlorocebus aethiops"
"146","Chlorocebus pygerythrus","Entamoeba coli","Entamoeba coli ,  Chlorocebus pygerythrus"
"147","Chlorocebus sabaeus","Entamoeba coli","Entamoeba coli ,  Chlorocebus sabaeus"
"148","Colobus angolensis","Entamoeba coli","Entamoeba coli ,  Colobus angolensis"
"149","Colobus guereza","Entamoeba coli","Entamoeba coli ,  Colobus guereza"
"150","Colobus vellerosus","Entamoeba coli","Entamoeba coli ,  Colobus vellerosus"
"151","Equus grevyi","Entamoeba coli","Entamoeba coli ,  Equus grevyi"
"152","Erythrocebus patas","Entamoeba coli","Entamoeba coli ,  Erythrocebus patas"
"153","Gorilla beringei","Entamoeba coli","Entamoeba coli ,  Gorilla beringei"
"154","Gorilla gorilla","Entamoeba coli","Entamoeba coli ,  Gorilla gorilla"
"155","Lophocebus albigena","Entamoeba coli","Entamoeba coli ,  Lophocebus albigena"
"156","Macaca fuscata","Entamoeba coli","Entamoeba coli ,  Macaca fuscata"
"157","Macaca sinica","Entamoeba coli","Entamoeba coli ,  Macaca sinica"
"158","Mandrillus sphinx","Entamoeba coli","Entamoeba coli ,  Mandrillus sphinx"
"159","Pan troglodytes","Entamoeba coli","Entamoeba coli ,  Pan troglodytes"
"160","Papio anubis","Entamoeba coli","Entamoeba coli ,  Papio anubis"
"161","Papio cynocephalus","Entamoeba coli","Entamoeba coli ,  Papio cynocephalus"
"162","Papio papio","Entamoeba coli","Entamoeba coli ,  Papio papio"
"163","Papio ursinus","Entamoeba coli","Entamoeba coli ,  Papio ursinus"
"164","Piliocolobus rufomitratus","Entamoeba coli","Entamoeba coli ,  Piliocolobus rufomitratus"
"165","Piliocolobus tephrosceles","Entamoeba coli","Entamoeba coli ,  Piliocolobus tephrosceles"
"166","Pongo pygmaeus","Entamoeba coli","Entamoeba coli ,  Pongo pygmaeus"
"167","Trachypithecus cristatus","Entamoeba coli","Entamoeba coli ,  Trachypithecus cristatus"
"168","Macaca fuscata","Entamoeba dispar","Entamoeba dispar ,  Macaca fuscata"
"169","Piliocolobus rufomitratus","Entamoeba dispar","Entamoeba dispar ,  Piliocolobus rufomitratus"
"170","Brachyteles arachnoides","Entamoeba hartmanni","Entamoeba hartmanni ,  Brachyteles arachnoides"
"171","Canis lupus","Entamoeba hartmanni","Entamoeba hartmanni ,  Canis lupus"
"172","Cercocebus galeritus","Entamoeba hartmanni","Entamoeba hartmanni ,  Cercocebus galeritus"
"173","Cercopithecus albogularis","Entamoeba hartmanni","Entamoeba hartmanni ,  Cercopithecus albogularis"
"174","Cercopithecus ascanius","Entamoeba hartmanni","Entamoeba hartmanni ,  Cercopithecus ascanius"
"175","Cercopithecus mitis","Entamoeba hartmanni","Entamoeba hartmanni ,  Cercopithecus mitis"
"176","Colobus guereza","Entamoeba hartmanni","Entamoeba hartmanni ,  Colobus guereza"
"177","Gorilla beringei","Entamoeba hartmanni","Entamoeba hartmanni ,  Gorilla beringei"
"178","Gorilla gorilla","Entamoeba hartmanni","Entamoeba hartmanni ,  Gorilla gorilla"
"179","Lophocebus albigena","Entamoeba hartmanni","Entamoeba hartmanni ,  Lophocebus albigena"
"180","Macaca sinica","Entamoeba hartmanni","Entamoeba hartmanni ,  Macaca sinica"
"181","Mandrillus sphinx","Entamoeba hartmanni","Entamoeba hartmanni ,  Mandrillus sphinx"
"182","Pan troglodytes","Entamoeba hartmanni","Entamoeba hartmanni ,  Pan troglodytes"
"183","Papio anubis","Entamoeba hartmanni","Entamoeba hartmanni ,  Papio anubis"
"184","Papio cynocephalus","Entamoeba hartmanni","Entamoeba hartmanni ,  Papio cynocephalus"
"185","Papio ursinus","Entamoeba hartmanni","Entamoeba hartmanni ,  Papio ursinus"
"186","Piliocolobus rufomitratus","Entamoeba hartmanni","Entamoeba hartmanni ,  Piliocolobus rufomitratus"
"187","Papio anubis","Entamoeba polecki","Entamoeba polecki ,  Papio anubis"
"188","Chlorocebus aethiops","Entopolypoides macaci","Entopolypoides macaci ,  Chlorocebus aethiops"
"189","Chlorocebus pygerythrus","Entopolypoides macaci","Entopolypoides macaci ,  Chlorocebus pygerythrus"
"190","Macaca fascicularis","Entopolypoides macaci","Entopolypoides macaci ,  Macaca fascicularis"
"191","Papio cynocephalus","Entopolypoides macaci","Entopolypoides macaci ,  Papio cynocephalus"
"192","Alces alces","Giardia intestinalis","Giardia intestinalis ,  Alces alces"
"193","Alouatta caraya","Giardia intestinalis","Giardia intestinalis ,  Alouatta caraya"
"194","Alouatta pigra","Giardia intestinalis","Giardia intestinalis ,  Alouatta pigra"
"195","Bison bonasus","Giardia intestinalis","Giardia intestinalis ,  Bison bonasus"
"196","Capreolus capreolus","Giardia intestinalis","Giardia intestinalis ,  Capreolus capreolus"
"197","Cebus capucinus","Giardia intestinalis","Giardia intestinalis ,  Cebus capucinus"
"198","Cercopithecus ascanius","Giardia intestinalis","Giardia intestinalis ,  Cercopithecus ascanius"
"199","Cervus elaphus","Giardia intestinalis","Giardia intestinalis ,  Cervus elaphus"
"200","Colobus vellerosus","Giardia intestinalis","Giardia intestinalis ,  Colobus vellerosus"
"201","Erignathus barbatus","Giardia intestinalis","Giardia intestinalis ,  Erignathus barbatus"
"202","Gorilla beringei","Giardia intestinalis","Giardia intestinalis ,  Gorilla beringei"
"203","Lophocebus albigena","Giardia intestinalis","Giardia intestinalis ,  Lophocebus albigena"
"204","Mustela nigripes","Giardia intestinalis","Giardia intestinalis ,  Mustela nigripes"
"205","Papio anubis","Giardia intestinalis","Giardia intestinalis ,  Papio anubis"
"206","Papio hamadryas","Giardia intestinalis","Giardia intestinalis ,  Papio hamadryas"
"207","Papio ursinus","Giardia intestinalis","Giardia intestinalis ,  Papio ursinus"
"208","Piliocolobus tephrosceles","Giardia intestinalis","Giardia intestinalis ,  Piliocolobus tephrosceles"
"209","Pusa hispida","Giardia intestinalis","Giardia intestinalis ,  Pusa hispida"
"210","Rangifer tarandus","Giardia intestinalis","Giardia intestinalis ,  Rangifer tarandus"
"211","Saimiri oerstedii","Giardia intestinalis","Giardia intestinalis ,  Saimiri oerstedii"
"212","Zalophus californianus","Giardia intestinalis","Giardia intestinalis ,  Zalophus californianus"
"213","Cercopithecus ascanius","Hepatocystis cercopitheci","Hepatocystis cercopitheci ,  Cercopithecus ascanius"
"214","Cercopithecus neglectus","Hepatocystis cercopitheci","Hepatocystis cercopitheci ,  Cercopithecus neglectus"
"215","Cercopithecus nictitans","Hepatocystis cercopitheci","Hepatocystis cercopitheci ,  Cercopithecus nictitans"
"216","Cercopithecus petaurista","Hepatocystis cercopitheci","Hepatocystis cercopitheci ,  Cercopithecus petaurista"
"217","Chlorocebus pygerythrus","Hepatocystis cercopitheci","Hepatocystis cercopitheci ,  Chlorocebus pygerythrus"
"218","Eulemur rufus","Hepatocystis foleyi","Hepatocystis foleyi ,  Eulemur rufus"
"219","Cercocebus agilis","Hepatocystis kochi","Hepatocystis kochi ,  Cercocebus agilis"
"220","Cercocebus torquatus","Hepatocystis kochi","Hepatocystis kochi ,  Cercocebus torquatus"
"221","Cercopithecus albogularis","Hepatocystis kochi","Hepatocystis kochi ,  Cercopithecus albogularis"
"222","Cercopithecus ascanius","Hepatocystis kochi","Hepatocystis kochi ,  Cercopithecus ascanius"
"223","Cercopithecus cephus","Hepatocystis kochi","Hepatocystis kochi ,  Cercopithecus cephus"
"224","Cercopithecus diana","Hepatocystis kochi","Hepatocystis kochi ,  Cercopithecus diana"
"225","Cercopithecus kandti","Hepatocystis kochi","Hepatocystis kochi ,  Cercopithecus kandti"
"226","Cercopithecus lhoesti","Hepatocystis kochi","Hepatocystis kochi ,  Cercopithecus lhoesti"
"227","Chlorocebus aethiops","Hepatocystis kochi","Hepatocystis kochi ,  Chlorocebus aethiops"
"228","Chlorocebus sabaeus","Hepatocystis kochi","Hepatocystis kochi ,  Chlorocebus sabaeus"
"229","Colobus angolensis","Hepatocystis kochi","Hepatocystis kochi ,  Colobus angolensis"
"230","Erythrocebus patas","Hepatocystis kochi","Hepatocystis kochi ,  Erythrocebus patas"
"231","Lophocebus aterrimus","Hepatocystis kochi","Hepatocystis kochi ,  Lophocebus aterrimus"
"232","Mandrillus sphinx","Hepatocystis kochi","Hepatocystis kochi ,  Mandrillus sphinx"
"233","Pan troglodytes","Hepatocystis kochi","Hepatocystis kochi ,  Pan troglodytes"
"234","Papio anubis","Hepatocystis kochi","Hepatocystis kochi ,  Papio anubis"
"235","Papio cynocephalus","Hepatocystis kochi","Hepatocystis kochi ,  Papio cynocephalus"
"236","Papio papio","Hepatocystis kochi","Hepatocystis kochi ,  Papio papio"
"237","Piliocolobus badius","Hepatocystis kochi","Hepatocystis kochi ,  Piliocolobus badius"
"238","Macaca fascicularis","Hepatocystis semnopitheci","Hepatocystis semnopitheci ,  Macaca fascicularis"
"239","Macaca nemestrina","Hepatocystis semnopitheci","Hepatocystis semnopitheci ,  Macaca nemestrina"
"240","Macaca radiata","Hepatocystis semnopitheci","Hepatocystis semnopitheci ,  Macaca radiata"
"241","Semnopithecus entellus","Hepatocystis semnopitheci","Hepatocystis semnopitheci ,  Semnopithecus entellus"
"242","Papio anubis","Hepatocystis simiae","Hepatocystis simiae ,  Papio anubis"
"243","Papio cynocephalus","Hepatocystis simiae","Hepatocystis simiae ,  Papio cynocephalus"
"244","Papio hamadryas","Hepatocystis simiae","Hepatocystis simiae ,  Papio hamadryas"
"245","Papio papio","Hepatocystis simiae","Hepatocystis simiae ,  Papio papio"
"246","Papio ursinus","Hepatocystis simiae","Hepatocystis simiae ,  Papio ursinus"
"247","Macaca cyclopis","Hepatocystis taiwanensis","Hepatocystis taiwanensis ,  Macaca cyclopis"
"248","Canis latrans","Hepatozoon americanum","Hepatozoon americanum ,  Canis latrans"
"249","Martes martes","Hepatozoon americanum","Hepatozoon americanum ,  Martes martes"
"250","Cerdocyon thous","Hepatozoon canis","Hepatozoon canis ,  Cerdocyon thous"
"251","Panthera leo","Hepatozoon canis","Hepatozoon canis ,  Panthera leo"
"252","Panthera onca","Hepatozoon canis","Hepatozoon canis ,  Panthera onca"
"253","Procyon cancrivorus","Hepatozoon canis","Hepatozoon canis ,  Procyon cancrivorus"
"254","Vulpes vulpes","Hepatozoon canis","Hepatozoon canis ,  Vulpes vulpes"
"255","Martes melampus","Hepatozoon JM-1","Hepatozoon JM-1 ,  Martes melampus"
"256","Martes melampus","Hepatozoon JM-2","Hepatozoon JM-2 ,  Martes melampus"
"257","Martes melampus","Hepatozoon JM-3","Hepatozoon JM-3 ,  Martes melampus"
"258","Martes melampus","Hepatozoon JM-4","Hepatozoon JM-4 ,  Martes melampus"
"259","Martes melampus","Hepatozoon JM-5","Hepatozoon JM-5 ,  Martes melampus"
"260","Martes melampus","Hepatozoon JM-6","Hepatozoon JM-6 ,  Martes melampus"
"261","Martes melampus","Hepatozoon JM-7","Hepatozoon JM-7 ,  Martes melampus"
"262","Martes melampus","Hepatozoon JM-8","Hepatozoon JM-8 ,  Martes melampus"
"263","Nasua nasua","Hepatozoon procyonis","Hepatozoon procyonis ,  Nasua nasua"
"264","Procyon lotor","Hepatozoon procyonis","Hepatozoon procyonis ,  Procyon lotor"
"265","Alouatta seniculus","Iodamoeba butschlii","Iodamoeba butschlii ,  Alouatta seniculus"
"266","Aotus vociferans","Iodamoeba butschlii","Iodamoeba butschlii ,  Aotus vociferans"
"267","Ateles chamek","Iodamoeba butschlii","Iodamoeba butschlii ,  Ateles chamek"
"268","Cercocebus galeritus","Iodamoeba butschlii","Iodamoeba butschlii ,  Cercocebus galeritus"
"269","Cercopithecus albogularis","Iodamoeba butschlii","Iodamoeba butschlii ,  Cercopithecus albogularis"
"270","Cercopithecus ascanius","Iodamoeba butschlii","Iodamoeba butschlii ,  Cercopithecus ascanius"
"271","Cercopithecus mitis","Iodamoeba butschlii","Iodamoeba butschlii ,  Cercopithecus mitis"
"272","Chlorocebus pygerythrus","Iodamoeba butschlii","Iodamoeba butschlii ,  Chlorocebus pygerythrus"
"273","Chlorocebus sabaeus","Iodamoeba butschlii","Iodamoeba butschlii ,  Chlorocebus sabaeus"
"274","Colobus guereza","Iodamoeba butschlii","Iodamoeba butschlii ,  Colobus guereza"
"275","Erythrocebus patas","Iodamoeba butschlii","Iodamoeba butschlii ,  Erythrocebus patas"
"276","Gorilla beringei","Iodamoeba butschlii","Iodamoeba butschlii ,  Gorilla beringei"
"277","Gorilla gorilla","Iodamoeba butschlii","Iodamoeba butschlii ,  Gorilla gorilla"
"278","Lophocebus albigena","Iodamoeba butschlii","Iodamoeba butschlii ,  Lophocebus albigena"
"279","Macaca fuscata","Iodamoeba butschlii","Iodamoeba butschlii ,  Macaca fuscata"
"280","Pan troglodytes","Iodamoeba butschlii","Iodamoeba butschlii ,  Pan troglodytes"
"281","Papio anubis","Iodamoeba butschlii","Iodamoeba butschlii ,  Papio anubis"
"282","Papio cynocephalus","Iodamoeba butschlii","Iodamoeba butschlii ,  Papio cynocephalus"
"283","Papio papio","Iodamoeba butschlii","Iodamoeba butschlii ,  Papio papio"
"284","Papio ursinus","Iodamoeba butschlii","Iodamoeba butschlii ,  Papio ursinus"
"285","Piliocolobus rufomitratus","Iodamoeba butschlii","Iodamoeba butschlii ,  Piliocolobus rufomitratus"
"286","Saguinus fuscicollis","Iodamoeba butschlii","Iodamoeba butschlii ,  Saguinus fuscicollis"
"287","Saguinus geoffroyi","Isospora arctopitheci","Isospora arctopitheci ,  Saguinus geoffroyi"
"288","Cebus albifrons","Isospora cebi","Isospora cebi ,  Cebus albifrons"
"289","Callimico goeldii","Isospora endocallimici","Isospora endocallimici ,  Callimico goeldii"
"290","Lutra lutra","Isospora lutrae","Isospora lutrae ,  Lutra lutra"
"291","Meles meles","Isospora melis","Isospora melis ,  Meles meles"
"292","Papio ursinus","Isospora papionis","Isospora papionis ,  Papio ursinus"
"293","Saimiri sciureus","Isospora saimirae","Isospora saimirae ,  Saimiri sciureus"
"294","Spilogale putorius","Isospora sengeri","Isospora sengeri ,  Spilogale putorius"
"295","Spilogale putorius","Isospora spilogales","Isospora spilogales ,  Spilogale putorius"
"296","Vulpes vulpes","Isospora vulpis","Isospora vulpis ,  Vulpes vulpes"
"297","Saguinus geoffroyi","Leishmania braziliensis","Leishmania braziliensis ,  Saguinus geoffroyi"
"298","Cerdocyon thous","Leishmania chagasi","Leishmania chagasi ,  Cerdocyon thous"
"299","Herpestes ichneumon","Leishmania donovani","Leishmania donovani ,  Herpestes ichneumon"
"300","Canis aureus","Leishmania infantum","Leishmania infantum ,  Canis aureus"
"301","Canis lupus","Leishmania infantum","Leishmania infantum ,  Canis lupus"
"302","Cerdocyon thous","Leishmania infantum","Leishmania infantum ,  Cerdocyon thous"
"303","Genetta genetta","Leishmania infantum","Leishmania infantum ,  Genetta genetta"
"304","Herpestes ichneumon","Leishmania infantum","Leishmania infantum ,  Herpestes ichneumon"
"305","Lynx pardinus","Leishmania infantum","Leishmania infantum ,  Lynx pardinus"
"306","Vulpes vulpes","Leishmania infantum","Leishmania infantum ,  Vulpes vulpes"
"307","Cebus apella","Leishmania shawi","Leishmania shawi ,  Cebus apella"
"308","Chiropotes satanas","Leishmania shawi","Leishmania shawi ,  Chiropotes satanas"
"309","Acinonyx jubatus","Neospora caninum","Neospora caninum ,  Acinonyx jubatus"
"310","Ammotragus lervia","Neospora caninum","Neospora caninum ,  Ammotragus lervia"
"311","Bison bonasus","Neospora caninum","Neospora caninum ,  Bison bonasus"
"312","Canis aureus","Neospora caninum","Neospora caninum ,  Canis aureus"
"313","Canis latrans","Neospora caninum","Neospora caninum ,  Canis latrans"
"314","Canis lupus","Neospora caninum","Neospora caninum ,  Canis lupus"
"315","Capreolus capreolus","Neospora caninum","Neospora caninum ,  Capreolus capreolus"
"316","Cerdocyon thous","Neospora caninum","Neospora caninum ,  Cerdocyon thous"
"317","Cervus elaphus","Neospora caninum","Neospora caninum ,  Cervus elaphus"
"318","Crocuta crocuta","Neospora caninum","Neospora caninum ,  Crocuta crocuta"
"319","Dama dama","Neospora caninum","Neospora caninum ,  Dama dama"
"320","Enhydra lutris","Neospora caninum","Neospora caninum ,  Enhydra lutris"
"321","Erignathus barbatus","Neospora caninum","Neospora caninum ,  Erignathus barbatus"
"322","Felis silvestris","Neospora caninum","Neospora caninum ,  Felis silvestris"
"323","Genetta genetta","Neospora caninum","Neospora caninum ,  Genetta genetta"
"324","Herpestes ichneumon","Neospora caninum","Neospora caninum ,  Herpestes ichneumon"
"325","Lycalopex gymnocercus","Neospora caninum","Neospora caninum ,  Lycalopex gymnocercus"
"326","Lynx pardinus","Neospora caninum","Neospora caninum ,  Lynx pardinus"
"327","Martes foina","Neospora caninum","Neospora caninum ,  Martes foina"
"328","Martes martes","Neospora caninum","Neospora caninum ,  Martes martes"
"329","Meles meles","Neospora caninum","Neospora caninum ,  Meles meles"
"330","Monachus schauinslandi","Neospora caninum","Neospora caninum ,  Monachus schauinslandi"
"331","Mustela putorius","Neospora caninum","Neospora caninum ,  Mustela putorius"
"332","Odobenus rosmarus","Neospora caninum","Neospora caninum ,  Odobenus rosmarus"
"333","Odocoileus hemionus","Neospora caninum","Neospora caninum ,  Odocoileus hemionus"
"334","Odocoileus virginianus","Neospora caninum","Neospora caninum ,  Odocoileus virginianus"
"335","Ovis aries","Neospora caninum","Neospora caninum ,  Ovis aries"
"336","Ozotoceros bezoarticus","Neospora caninum","Neospora caninum ,  Ozotoceros bezoarticus"
"337","Panthera leo","Neospora caninum","Neospora caninum ,  Panthera leo"
"338","Phoca largha","Neospora caninum","Neospora caninum ,  Phoca largha"
"339","Phoca vitulina","Neospora caninum","Neospora caninum ,  Phoca vitulina"
"340","Procyon lotor","Neospora caninum","Neospora caninum ,  Procyon lotor"
"341","Pusa hispida","Neospora caninum","Neospora caninum ,  Pusa hispida"
"342","Rupicapra rupicapra","Neospora caninum","Neospora caninum ,  Rupicapra rupicapra"
"343","Urocyon cinereoargenteus","Neospora caninum","Neospora caninum ,  Urocyon cinereoargenteus"
"344","Vulpes vulpes","Neospora caninum","Neospora caninum ,  Vulpes vulpes"
"345","Zalophus californianus","Neospora caninum","Neospora caninum ,  Zalophus californianus"
"346","Cercocebus galeritus","Pentatrichomonas hominis","Pentatrichomonas hominis ,  Cercocebus galeritus"
"347","Gorilla gorilla","Pentatrichomonas hominis","Pentatrichomonas hominis ,  Gorilla gorilla"
"348","Pan troglodytes","Pentatrichomonas hominis","Pentatrichomonas hominis ,  Pan troglodytes"
"349","Alouatta belzebul","Plasmodium brasilianum","Plasmodium brasilianum ,  Alouatta belzebul"
"350","Alouatta caraya","Plasmodium brasilianum","Plasmodium brasilianum ,  Alouatta caraya"
"351","Alouatta guariba","Plasmodium brasilianum","Plasmodium brasilianum ,  Alouatta guariba"
"352","Alouatta palliata","Plasmodium brasilianum","Plasmodium brasilianum ,  Alouatta palliata"
"353","Alouatta seniculus","Plasmodium brasilianum","Plasmodium brasilianum ,  Alouatta seniculus"
"354","Aotus vociferans","Plasmodium brasilianum","Plasmodium brasilianum ,  Aotus vociferans"
"355","Ateles fusciceps","Plasmodium brasilianum","Plasmodium brasilianum ,  Ateles fusciceps"
"356","Ateles geoffroyi","Plasmodium brasilianum","Plasmodium brasilianum ,  Ateles geoffroyi"
"357","Ateles paniscus","Plasmodium brasilianum","Plasmodium brasilianum ,  Ateles paniscus"
"358","Brachyteles arachnoides","Plasmodium brasilianum","Plasmodium brasilianum ,  Brachyteles arachnoides"
"359","Cacajao calvus","Plasmodium brasilianum","Plasmodium brasilianum ,  Cacajao calvus"
"360","Callicebus brunneus","Plasmodium brasilianum","Plasmodium brasilianum ,  Callicebus brunneus"
"361","Callicebus moloch","Plasmodium brasilianum","Plasmodium brasilianum ,  Callicebus moloch"
"362","Callicebus ornatus","Plasmodium brasilianum","Plasmodium brasilianum ,  Callicebus ornatus"
"363","Callicebus torquatus","Plasmodium brasilianum","Plasmodium brasilianum ,  Callicebus torquatus"
"364","Cebus albifrons","Plasmodium brasilianum","Plasmodium brasilianum ,  Cebus albifrons"
"365","Cebus apella","Plasmodium brasilianum","Plasmodium brasilianum ,  Cebus apella"
"366","Cebus capucinus","Plasmodium brasilianum","Plasmodium brasilianum ,  Cebus capucinus"
"367","Chiropotes albinasus","Plasmodium brasilianum","Plasmodium brasilianum ,  Chiropotes albinasus"
"368","Chiropotes chiropotes","Plasmodium brasilianum","Plasmodium brasilianum ,  Chiropotes chiropotes"
"369","Chiropotes satanas","Plasmodium brasilianum","Plasmodium brasilianum ,  Chiropotes satanas"
"370","Lagothrix lagotricha","Plasmodium brasilianum","Plasmodium brasilianum ,  Lagothrix lagotricha"
"371","Pithecia irrorata","Plasmodium brasilianum","Plasmodium brasilianum ,  Pithecia irrorata"
"372","Pithecia pithecia","Plasmodium brasilianum","Plasmodium brasilianum ,  Pithecia pithecia"
"373","Saguinus midas","Plasmodium brasilianum","Plasmodium brasilianum ,  Saguinus midas"
"374","Saimiri boliviensis","Plasmodium brasilianum","Plasmodium brasilianum ,  Saimiri boliviensis"
"375","Saimiri oerstedii","Plasmodium brasilianum","Plasmodium brasilianum ,  Saimiri oerstedii"
"376","Saimiri sciureus","Plasmodium brasilianum","Plasmodium brasilianum ,  Saimiri sciureus"
"377","Saimiri ustus","Plasmodium brasilianum","Plasmodium brasilianum ,  Saimiri ustus"
"378","Macaca fascicularis","Plasmodium coatneyi","Plasmodium coatneyi ,  Macaca fascicularis"
"379","Macaca nemestrina","Plasmodium coatneyi","Plasmodium coatneyi ,  Macaca nemestrina"
"380","Trachypithecus cristatus","Plasmodium coatneyi","Plasmodium coatneyi ,  Trachypithecus cristatus"
"381","Macaca cyclopis","Plasmodium cynomolgi","Plasmodium cynomolgi ,  Macaca cyclopis"
"382","Macaca fascicularis","Plasmodium cynomolgi","Plasmodium cynomolgi ,  Macaca fascicularis"
"383","Macaca mulatta","Plasmodium cynomolgi","Plasmodium cynomolgi ,  Macaca mulatta"
"384","Macaca nemestrina","Plasmodium cynomolgi","Plasmodium cynomolgi ,  Macaca nemestrina"
"385","Macaca radiata","Plasmodium cynomolgi","Plasmodium cynomolgi ,  Macaca radiata"
"386","Macaca sinica","Plasmodium cynomolgi","Plasmodium cynomolgi ,  Macaca sinica"
"387","Semnopithecus entellus","Plasmodium cynomolgi","Plasmodium cynomolgi ,  Semnopithecus entellus"
"388","Trachypithecus cristatus","Plasmodium cynomolgi","Plasmodium cynomolgi ,  Trachypithecus cristatus"
"389","Hylobates lar","Plasmodium eylesi","Plasmodium eylesi ,  Hylobates lar"
"390","Alouatta seniculus","Plasmodium falciparum","Plasmodium falciparum ,  Alouatta seniculus"
"391","Gorilla gorilla","Plasmodium falciparum","Plasmodium falciparum ,  Gorilla gorilla"
"392","Pan troglodytes","Plasmodium falciparum","Plasmodium falciparum ,  Pan troglodytes"
"393","Pithecia pithecia","Plasmodium falciparum","Plasmodium falciparum ,  Pithecia pithecia"
"394","Saimiri sciureus","Plasmodium falciparum","Plasmodium falciparum ,  Saimiri sciureus"
"395","Macaca fascicularis","Plasmodium fieldi","Plasmodium fieldi ,  Macaca fascicularis"
"396","Macaca nemestrina","Plasmodium fieldi","Plasmodium fieldi ,  Macaca nemestrina"
"397","Macaca radiata","Plasmodium fragile","Plasmodium fragile ,  Macaca radiata"
"398","Macaca sinica","Plasmodium fragile","Plasmodium fragile ,  Macaca sinica"
"399","Pan troglodytes","Plasmodium gaboni","Plasmodium gaboni ,  Pan troglodytes"
"400","Cercocebus agilis","Plasmodium georgesi","Plasmodium georgesi ,  Cercocebus agilis"
"401","Lophocebus albigena","Plasmodium georgesi","Plasmodium georgesi ,  Lophocebus albigena"
"402","Eulemur rufus","Plasmodium girardi","Plasmodium girardi ,  Eulemur rufus"
"403","Cercocebus agilis","Plasmodium gonderi","Plasmodium gonderi ,  Cercocebus agilis"
"404","Cercocebus atys","Plasmodium gonderi","Plasmodium gonderi ,  Cercocebus atys"
"405","Cercocebus torquatus","Plasmodium gonderi","Plasmodium gonderi ,  Cercocebus torquatus"
"406","Lophocebus albigena","Plasmodium gonderi","Plasmodium gonderi ,  Lophocebus albigena"
"407","Lophocebus aterrimus","Plasmodium gonderi","Plasmodium gonderi ,  Lophocebus aterrimus"
"408","Mandrillus leucophaeus","Plasmodium gonderi","Plasmodium gonderi ,  Mandrillus leucophaeus"
"409","Mandrillus sphinx","Plasmodium gonderi","Plasmodium gonderi ,  Mandrillus sphinx"
"410","Hylobates moloch","Plasmodium hylobati","Plasmodium hylobati ,  Hylobates moloch"
"411","Macaca assamensis","Plasmodium inui","Plasmodium inui ,  Macaca assamensis"
"412","Macaca cyclopis","Plasmodium inui","Plasmodium inui ,  Macaca cyclopis"
"413","Macaca fascicularis","Plasmodium inui","Plasmodium inui ,  Macaca fascicularis"
"414","Macaca mulatta","Plasmodium inui","Plasmodium inui ,  Macaca mulatta"
"415","Macaca nemestrina","Plasmodium inui","Plasmodium inui ,  Macaca nemestrina"
"416","Macaca nigra","Plasmodium inui","Plasmodium inui ,  Macaca nigra"
"417","Macaca radiata","Plasmodium inui","Plasmodium inui ,  Macaca radiata"
"418","Presbytis melalophos","Plasmodium inui","Plasmodium inui ,  Presbytis melalophos"
"419","Trachypithecus cristatus","Plasmodium inui","Plasmodium inui ,  Trachypithecus cristatus"
"420","Trachypithecus obscurus","Plasmodium inui","Plasmodium inui ,  Trachypithecus obscurus"
"421","Hylobates lar","Plasmodium jefferyi","Plasmodium jefferyi ,  Hylobates lar"
"422","Macaca fascicularis","Plasmodium knowlesi","Plasmodium knowlesi ,  Macaca fascicularis"
"423","Macaca nemestrina","Plasmodium knowlesi","Plasmodium knowlesi ,  Macaca nemestrina"
"424","Presbytis melalophos","Plasmodium knowlesi","Plasmodium knowlesi ,  Presbytis melalophos"
"425","Pan troglodytes","Plasmodium rodhaini","Plasmodium rodhaini ,  Pan troglodytes"
"426","Cercocebus agilis","Plasmodium petersi","Plasmodium petersi ,  Cercocebus agilis"
"427","Lophocebus albigena","Plasmodium petersi","Plasmodium petersi ,  Lophocebus albigena"
"428","Pongo pygmaeus","Plasmodium pitheci","Plasmodium pitheci ,  Pongo pygmaeus"
"429","Gorilla gorilla","Plasmodium reichenowi","Plasmodium reichenowi ,  Gorilla gorilla"
"430","Pan troglodytes","Plasmodium reichenowi","Plasmodium reichenowi ,  Pan troglodytes"
"431","Gorilla gorilla","Plasmodium schwetzi","Plasmodium schwetzi ,  Gorilla gorilla"
"432","Pan troglodytes","Plasmodium schwetzi","Plasmodium schwetzi ,  Pan troglodytes"
"433","Macaca radiata","Plasmodium shortii","Plasmodium shortii ,  Macaca radiata"
"434","Macaca sinica","Plasmodium shortii","Plasmodium shortii ,  Macaca sinica"
"435","Macaca sinica","Plasmodium simiovale","Plasmodium simiovale ,  Macaca sinica"
"436","Alouatta guariba","Plasmodium simium","Plasmodium simium ,  Alouatta guariba"
"437","Alouatta palliata","Plasmodium simium","Plasmodium simium ,  Alouatta palliata"
"438","Alouatta seniculus","Plasmodium simium","Plasmodium simium ,  Alouatta seniculus"
"439","Brachyteles arachnoides","Plasmodium simium","Plasmodium simium ,  Brachyteles arachnoides"
"440","Alouatta seniculus","Plasmodium vivax","Plasmodium vivax ,  Alouatta seniculus"
"441","Gorilla gorilla","Plasmodium vivax","Plasmodium vivax ,  Gorilla gorilla"
"442","Pan troglodytes","Plasmodium vivax","Plasmodium vivax ,  Pan troglodytes"
"443","Saguinus midas","Plasmodium vivax","Plasmodium vivax ,  Saguinus midas"
"444","Hylobates lar","Plasmodium youngi","Plasmodium youngi ,  Hylobates lar"
"445","Alouatta caraya","Retortamonas intestinalis","Retortamonas intestinalis ,  Alouatta caraya"
"446","Cercopithecus mitis","Retortamonas intestinalis","Retortamonas intestinalis ,  Cercopithecus mitis"
"447","Lophocebus albigena","Retortamonas intestinalis","Retortamonas intestinalis ,  Lophocebus albigena"
"448","Alces alces","Sarcocystis alceslatrans","Sarcocystis alceslatrans ,  Alces alces"
"449","Odocoileus hemionus","Sarcocystis americana","Sarcocystis americana ,  Odocoileus hemionus"
"450","Ursus arctos","Sarcocystis arctosi","Sarcocystis arctosi ,  Ursus arctos"
"451","Capra ibex","Sarcocystis arieticanis","Sarcocystis arieticanis ,  Capra ibex"
"452","Axis axis","Sarcocystis axicuonis","Sarcocystis axicuonis ,  Axis axis"
"453","Cuon alpinus","Sarcocystis axicuonis","Sarcocystis axicuonis ,  Cuon alpinus"
"454","Giraffa camelopardalis","Sarcocystis camelopardalis","Sarcocystis camelopardalis ,  Giraffa camelopardalis"
"455","Capra ibex","Sarcocystis capracanis","Sarcocystis capracanis ,  Capra ibex"
"456","Cervus elaphus","Sarcocystis capreolicanis","Sarcocystis capreolicanis ,  Cervus elaphus"
"457","Procapra gutturosa","Sarcocystis danzani","Sarcocystis danzani ,  Procapra gutturosa"
"458","Phacochoerus aethiopicus","Sarcocystis dubeyella","Sarcocystis dubeyella ,  Phacochoerus aethiopicus"
"459","Callithrix jacchus","Sarcocystis elegans","Sarcocystis elegans ,  Callithrix jacchus"
"460","Panthera leo","Sarcocystis felis","Sarcocystis felis ,  Panthera leo"
"461","Canis latrans","Sarcocystis fusiformis","Sarcocystis fusiformis ,  Canis latrans"
"462","Antidorcas marsupialis","Sarcocystis gazellae","Sarcocystis gazellae ,  Antidorcas marsupialis"
"463","Giraffa camelopardalis","Sarcocystis giraffae","Sarcocystis giraffae ,  Giraffa camelopardalis"
"464","Cervus elaphus","Sarcocystis grueneri","Sarcocystis grueneri ,  Cervus elaphus"
"465","Dama dama","Sarcocystis grueneri","Sarcocystis grueneri ,  Dama dama"
"466","Odocoileus hemionus","Sarcocystis hemioni","Sarcocystis hemioni ,  Odocoileus hemionus"
"467","Odocoileus hemionus","Sarcocystis hemionilatrantis","Sarcocystis hemionilatrantis ,  Odocoileus hemionus"
"468","Tragelaphus strepsiceros","Sarcocystis hominis","Sarcocystis hominis ,  Tragelaphus strepsiceros"
"469","Procyon lotor","Sarcocystis kirkpatricki","Sarcocystis kirkpatricki ,  Procyon lotor"
"470","Giraffa camelopardalis","Sarcocystis klaseriensis","Sarcocystis klaseriensis ,  Giraffa camelopardalis"
"471","Aepyceros melampus","Sarcocystis melampi","Sarcocystis melampi ,  Aepyceros melampus"
"472","Mephitis mephitis","Sarcocystis mephitisi","Sarcocystis mephitisi ,  Mephitis mephitis"
"473","Procapra gutturosa","Sarcocystis mongolica","Sarcocystis mongolica ,  Procapra gutturosa"
"474","Canis latrans","Sarcocystis neurona","Sarcocystis neurona ,  Canis latrans"
"475","Enhydra lutris","Sarcocystis neurona","Sarcocystis neurona ,  Enhydra lutris"
"476","Martes pennanti","Sarcocystis neurona","Sarcocystis neurona ,  Martes pennanti"
"477","Mephitis mephitis","Sarcocystis neurona","Sarcocystis neurona ,  Mephitis mephitis"
"478","Monachus schauinslandi","Sarcocystis neurona","Sarcocystis neurona ,  Monachus schauinslandi"
"479","Phoca vitulina","Sarcocystis neurona","Sarcocystis neurona ,  Phoca vitulina"
"480","Procyon lotor","Sarcocystis neurona","Sarcocystis neurona ,  Procyon lotor"
"481","Odocoileus virginianus","Sarcocystis odocoileocanis","Sarcocystis odocoileocanis ,  Odocoileus virginianus"
"482","Phacochoerus aethiopicus","Sarcocystis phacochoeri","Sarcocystis phacochoeri ,  Phacochoerus aethiopicus"
"483","Rangifer tarandus","Sarcocystis rangi","Sarcocystis rangi ,  Rangifer tarandus"
"484","Meles meles","Sarcocystis sebeki","Sarcocystis sebeki ,  Meles meles"
"485","Rangifer tarandus","Sarcocystis tarandivulpes","Sarcocystis tarandivulpes ,  Rangifer tarandus"
"486","Ursus americanus","Sarcocystis ursusi","Sarcocystis ursusi ,  Ursus americanus"
"487","Antidorcas marsupialis","Sarcocystis woodhousei","Sarcocystis woodhousei ,  Antidorcas marsupialis"
"488","Odocoileus hemionus","Sarcocystis youngi","Sarcocystis youngi ,  Odocoileus hemionus"
"489","Vulpes vulpes","Theileria annae","Theileria annae ,  Vulpes vulpes"
"490","Diceros bicornis","Theileria bicornis","Theileria bicornis ,  Diceros bicornis"
"491","Syncerus caffer","Theileria buffeli","Theileria buffeli ,  Syncerus caffer"
"492","Axis axis","Theileria cervi","Theileria cervi ,  Axis axis"
"493","Cervus elaphus","Theileria cervi","Theileria cervi ,  Cervus elaphus"
"494","Cervus nippon","Theileria cervi","Theileria cervi ,  Cervus nippon"
"495","Dama dama","Theileria cervi","Theileria cervi ,  Dama dama"
"496","Odocoileus hemionus","Theileria cervi","Theileria cervi ,  Odocoileus hemionus"
"497","Odocoileus virginianus","Theileria cervi","Theileria cervi ,  Odocoileus virginianus"
"498","Syncerus caffer","Theileria mutans","Theileria mutans ,  Syncerus caffer"
"499","Syncerus caffer","Theileria parva","Theileria parva ,  Syncerus caffer"
"500","Alces alces","Toxoplasma gondii","Toxoplasma gondii ,  Alces alces"
"501","Alouatta seniculus","Toxoplasma gondii","Toxoplasma gondii ,  Alouatta seniculus"
"502","Antilocapra americana","Toxoplasma gondii","Toxoplasma gondii ,  Antilocapra americana"
"503","Bassariscus astutus","Toxoplasma gondii","Toxoplasma gondii ,  Bassariscus astutus"
"504","Blastocerus dichotomus","Toxoplasma gondii","Toxoplasma gondii ,  Blastocerus dichotomus"
"505","Canis latrans","Toxoplasma gondii","Toxoplasma gondii ,  Canis latrans"
"506","Canis lupus","Toxoplasma gondii","Toxoplasma gondii ,  Canis lupus"
"507","Capreolus capreolus","Toxoplasma gondii","Toxoplasma gondii ,  Capreolus capreolus"
"508","Capricornis crispus","Toxoplasma gondii","Toxoplasma gondii ,  Capricornis crispus"
"509","Ceratotherium simum","Toxoplasma gondii","Toxoplasma gondii ,  Ceratotherium simum"
"510","Cerdocyon thous","Toxoplasma gondii","Toxoplasma gondii ,  Cerdocyon thous"
"511","Cervus elaphus","Toxoplasma gondii","Toxoplasma gondii ,  Cervus elaphus"
"512","Chrysocyon brachyurus","Toxoplasma gondii","Toxoplasma gondii ,  Chrysocyon brachyurus"
"513","Connochaetes taurinus","Toxoplasma gondii","Toxoplasma gondii ,  Connochaetes taurinus"
"514","Cystophora cristata","Toxoplasma gondii","Toxoplasma gondii ,  Cystophora cristata"
"515","Dama dama","Toxoplasma gondii","Toxoplasma gondii ,  Dama dama"
"516","Diceros bicornis","Toxoplasma gondii","Toxoplasma gondii ,  Diceros bicornis"
"517","Enhydra lutris","Toxoplasma gondii","Toxoplasma gondii ,  Enhydra lutris"
"518","Erignathus barbatus","Toxoplasma gondii","Toxoplasma gondii ,  Erignathus barbatus"
"519","Eulemur macaco","Toxoplasma gondii","Toxoplasma gondii ,  Eulemur macaco"
"520","Felis silvestris","Toxoplasma gondii","Toxoplasma gondii ,  Felis silvestris"
"521","Genetta genetta","Toxoplasma gondii","Toxoplasma gondii ,  Genetta genetta"
"522","Giraffa camelopardalis","Toxoplasma gondii","Toxoplasma gondii ,  Giraffa camelopardalis"
"523","Halichoerus grypus","Toxoplasma gondii","Toxoplasma gondii ,  Halichoerus grypus"
"524","Herpestes ichneumon","Toxoplasma gondii","Toxoplasma gondii ,  Herpestes ichneumon"
"525","Hippotragus niger","Toxoplasma gondii","Toxoplasma gondii ,  Hippotragus niger"
"526","Leopardus geoffroyi","Toxoplasma gondii","Toxoplasma gondii ,  Leopardus geoffroyi"
"527","Leopardus pardalis","Toxoplasma gondii","Toxoplasma gondii ,  Leopardus pardalis"
"528","Lontra canadensis","Toxoplasma gondii","Toxoplasma gondii ,  Lontra canadensis"
"529","Lutra lutra","Toxoplasma gondii","Toxoplasma gondii ,  Lutra lutra"
"530","Lycalopex gymnocercus","Toxoplasma gondii","Toxoplasma gondii ,  Lycalopex gymnocercus"
"531","Lynx canadensis","Toxoplasma gondii","Toxoplasma gondii ,  Lynx canadensis"
"532","Lynx lynx","Toxoplasma gondii","Toxoplasma gondii ,  Lynx lynx"
"533","Lynx pardinus","Toxoplasma gondii","Toxoplasma gondii ,  Lynx pardinus"
"534","Lynx rufus","Toxoplasma gondii","Toxoplasma gondii ,  Lynx rufus"
"535","Martes foina","Toxoplasma gondii","Toxoplasma gondii ,  Martes foina"
"536","Martes martes","Toxoplasma gondii","Toxoplasma gondii ,  Martes martes"
"537","Martes pennanti","Toxoplasma gondii","Toxoplasma gondii ,  Martes pennanti"
"538","Meles meles","Toxoplasma gondii","Toxoplasma gondii ,  Meles meles"
"539","Mephitis mephitis","Toxoplasma gondii","Toxoplasma gondii ,  Mephitis mephitis"
"540","Mirounga angustirostris","Toxoplasma gondii","Toxoplasma gondii ,  Mirounga angustirostris"
"541","Monachus schauinslandi","Toxoplasma gondii","Toxoplasma gondii ,  Monachus schauinslandi"
"542","Mustela putorius","Toxoplasma gondii","Toxoplasma gondii ,  Mustela putorius"
"543","Neovison vison","Toxoplasma gondii","Toxoplasma gondii ,  Neovison vison"
"544","Odobenus rosmarus","Toxoplasma gondii","Toxoplasma gondii ,  Odobenus rosmarus"
"545","Odocoileus hemionus","Toxoplasma gondii","Toxoplasma gondii ,  Odocoileus hemionus"
"546","Odocoileus virginianus","Toxoplasma gondii","Toxoplasma gondii ,  Odocoileus virginianus"
"547","Ovibos moschatus","Toxoplasma gondii","Toxoplasma gondii ,  Ovibos moschatus"
"548","Ovis ammon","Toxoplasma gondii","Toxoplasma gondii ,  Ovis ammon"
"549","Ovis aries","Toxoplasma gondii","Toxoplasma gondii ,  Ovis aries"
"550","Ovis canadensis","Toxoplasma gondii","Toxoplasma gondii ,  Ovis canadensis"
"551","Ozotoceros bezoarticus","Toxoplasma gondii","Toxoplasma gondii ,  Ozotoceros bezoarticus"
"552","Panthera leo","Toxoplasma gondii","Toxoplasma gondii ,  Panthera leo"
"553","Panthera onca","Toxoplasma gondii","Toxoplasma gondii ,  Panthera onca"
"554","Panthera pardus","Toxoplasma gondii","Toxoplasma gondii ,  Panthera pardus"
"555","Papio ursinus","Toxoplasma gondii","Toxoplasma gondii ,  Papio ursinus"
"556","Phoca largha","Toxoplasma gondii","Toxoplasma gondii ,  Phoca largha"
"557","Phoca vitulina","Toxoplasma gondii","Toxoplasma gondii ,  Phoca vitulina"
"558","Procyon lotor","Toxoplasma gondii","Toxoplasma gondii ,  Procyon lotor"
"559","Procyon pygmaeus","Toxoplasma gondii","Toxoplasma gondii ,  Procyon pygmaeus"
"560","Puma concolor","Toxoplasma gondii","Toxoplasma gondii ,  Puma concolor"
"561","Pusa hispida","Toxoplasma gondii","Toxoplasma gondii ,  Pusa hispida"
"562","Rangifer tarandus","Toxoplasma gondii","Toxoplasma gondii ,  Rangifer tarandus"
"563","Rupicapra pyrenaica","Toxoplasma gondii","Toxoplasma gondii ,  Rupicapra pyrenaica"
"564","Rupicapra rupicapra","Toxoplasma gondii","Toxoplasma gondii ,  Rupicapra rupicapra"
"565","Spilogale gracilis","Toxoplasma gondii","Toxoplasma gondii ,  Spilogale gracilis"
"566","Sus scrofa","Toxoplasma gondii","Toxoplasma gondii ,  Sus scrofa"
"567","Syncerus caffer","Toxoplasma gondii","Toxoplasma gondii ,  Syncerus caffer"
"568","Taurotragus oryx","Toxoplasma gondii","Toxoplasma gondii ,  Taurotragus oryx"
"569","Taxidea taxus","Toxoplasma gondii","Toxoplasma gondii ,  Taxidea taxus"
"570","Tragelaphus angasii","Toxoplasma gondii","Toxoplasma gondii ,  Tragelaphus angasii"
"571","Tragelaphus scriptus","Toxoplasma gondii","Toxoplasma gondii ,  Tragelaphus scriptus"
"572","Tragelaphus strepsiceros","Toxoplasma gondii","Toxoplasma gondii ,  Tragelaphus strepsiceros"
"573","Urocyon cinereoargenteus","Toxoplasma gondii","Toxoplasma gondii ,  Urocyon cinereoargenteus"
"574","Urocyon littoralis","Toxoplasma gondii","Toxoplasma gondii ,  Urocyon littoralis"
"575","Ursus americanus","Toxoplasma gondii","Toxoplasma gondii ,  Ursus americanus"
"576","Ursus arctos","Toxoplasma gondii","Toxoplasma gondii ,  Ursus arctos"
"577","Ursus maritimus","Toxoplasma gondii","Toxoplasma gondii ,  Ursus maritimus"
"578","Vulpes lagopus","Toxoplasma gondii","Toxoplasma gondii ,  Vulpes lagopus"
"579","Vulpes vulpes","Toxoplasma gondii","Toxoplasma gondii ,  Vulpes vulpes"
"580","Zalophus californianus","Toxoplasma gondii","Toxoplasma gondii ,  Zalophus californianus"
"581","Cercopithecus mitis","Trichomonas intestinalis","Trichomonas intestinalis ,  Cercopithecus mitis"
"582","Pan troglodytes","Troglodytella abrassarti","Troglodytella abrassarti ,  Pan troglodytes"
"583","Alcelaphus buselaphus","Trypanosoma brucei","Trypanosoma brucei ,  Alcelaphus buselaphus"
"584","Arctocebus calabarensis","Trypanosoma brucei","Trypanosoma brucei ,  Arctocebus calabarensis"
"585","Cephalophus dorsalis","Trypanosoma brucei","Trypanosoma brucei ,  Cephalophus dorsalis"
"586","Cercocebus torquatus","Trypanosoma brucei","Trypanosoma brucei ,  Cercocebus torquatus"
"587","Cercopithecus cephus","Trypanosoma brucei","Trypanosoma brucei ,  Cercopithecus cephus"
"588","Cercopithecus nictitans","Trypanosoma brucei","Trypanosoma brucei ,  Cercopithecus nictitans"
"589","Chlorocebus aethiops","Trypanosoma brucei","Trypanosoma brucei ,  Chlorocebus aethiops"
"590","Hippotragus equinus","Trypanosoma brucei","Trypanosoma brucei ,  Hippotragus equinus"
"591","Kobus ellipsiprymnus","Trypanosoma brucei","Trypanosoma brucei ,  Kobus ellipsiprymnus"
"592","Kobus kob","Trypanosoma brucei","Trypanosoma brucei ,  Kobus kob"
"593","Miopithecus talapoin","Trypanosoma brucei","Trypanosoma brucei ,  Miopithecus talapoin"
"594","Ourebia ourebi","Trypanosoma brucei","Trypanosoma brucei ,  Ourebia ourebi"
"595","Perodicticus potto","Trypanosoma brucei","Trypanosoma brucei ,  Perodicticus potto"
"596","Philantomba monticola","Trypanosoma brucei","Trypanosoma brucei ,  Philantomba monticola"
"597","Tragelaphus spekii","Trypanosoma brucei","Trypanosoma brucei ,  Tragelaphus spekii"
"598","Alces alces","Trypanosoma cervi","Trypanosoma cervi ,  Alces alces"
"599","Odocoileus virginianus","Trypanosoma cervi","Trypanosoma cervi ,  Odocoileus virginianus"
"600","Arctocebus calabarensis","Trypanosoma congolense","Trypanosoma congolense ,  Arctocebus calabarensis"
"601","Cephalophus dorsalis","Trypanosoma congolense","Trypanosoma congolense ,  Cephalophus dorsalis"
"602","Cephalophus silvicultor","Trypanosoma congolense","Trypanosoma congolense ,  Cephalophus silvicultor"
"603","Cercopithecus cephus","Trypanosoma congolense","Trypanosoma congolense ,  Cercopithecus cephus"
"604","Diceros bicornis","Trypanosoma congolense","Trypanosoma congolense ,  Diceros bicornis"
"605","Kobus kob","Trypanosoma congolense","Trypanosoma congolense ,  Kobus kob"
"606","Philantomba monticola","Trypanosoma congolense","Trypanosoma congolense ,  Philantomba monticola"
"607","Redunca redunca","Trypanosoma congolense","Trypanosoma congolense ,  Redunca redunca"
"608","Alouatta caraya","Trypanosoma cruzi","Trypanosoma cruzi ,  Alouatta caraya"
"609","Alouatta palliata","Trypanosoma cruzi","Trypanosoma cruzi ,  Alouatta palliata"
"610","Alouatta pigra","Trypanosoma cruzi","Trypanosoma cruzi ,  Alouatta pigra"
"611","Alouatta seniculus","Trypanosoma cruzi","Trypanosoma cruzi ,  Alouatta seniculus"
"612","Aotus azarae","Trypanosoma cruzi","Trypanosoma cruzi ,  Aotus azarae"
"613","Ateles belzebuth","Trypanosoma cruzi","Trypanosoma cruzi ,  Ateles belzebuth"
"614","Ateles fusciceps","Trypanosoma cruzi","Trypanosoma cruzi ,  Ateles fusciceps"
"615","Ateles geoffroyi","Trypanosoma cruzi","Trypanosoma cruzi ,  Ateles geoffroyi"
"616","Ateles paniscus","Trypanosoma cruzi","Trypanosoma cruzi ,  Ateles paniscus"
"617","Cacajao calvus","Trypanosoma cruzi","Trypanosoma cruzi ,  Cacajao calvus"
"618","Callicebus brunneus","Trypanosoma cruzi","Trypanosoma cruzi ,  Callicebus brunneus"
"619","Callicebus nigrifrons","Trypanosoma cruzi","Trypanosoma cruzi ,  Callicebus nigrifrons"
"620","Callithrix argentata","Trypanosoma cruzi","Trypanosoma cruzi ,  Callithrix argentata"
"621","Callithrix emiliae","Trypanosoma cruzi","Trypanosoma cruzi ,  Callithrix emiliae"
"622","Callithrix jacchus","Trypanosoma cruzi","Trypanosoma cruzi ,  Callithrix jacchus"
"623","Callithrix penicillata","Trypanosoma cruzi","Trypanosoma cruzi ,  Callithrix penicillata"
"624","Callithrix pygmaea","Trypanosoma cruzi","Trypanosoma cruzi ,  Callithrix pygmaea"
"625","Cebus albifrons","Trypanosoma cruzi","Trypanosoma cruzi ,  Cebus albifrons"
"626","Cebus apella","Trypanosoma cruzi","Trypanosoma cruzi ,  Cebus apella"
"627","Cebus capucinus","Trypanosoma cruzi","Trypanosoma cruzi ,  Cebus capucinus"
"628","Conepatus chinga","Trypanosoma cruzi","Trypanosoma cruzi ,  Conepatus chinga"
"629","Galictis cuja","Trypanosoma cruzi","Trypanosoma cruzi ,  Galictis cuja"
"630","Leontopithecus chrysomelas","Trypanosoma cruzi","Trypanosoma cruzi ,  Leontopithecus chrysomelas"
"631","Leontopithecus chrysopygus","Trypanosoma cruzi","Trypanosoma cruzi ,  Leontopithecus chrysopygus"
"632","Leontopithecus rosalia","Trypanosoma cruzi","Trypanosoma cruzi ,  Leontopithecus rosalia"
"633","Nasua nasua","Trypanosoma cruzi","Trypanosoma cruzi ,  Nasua nasua"
"634","Pecari tajacu","Trypanosoma cruzi","Trypanosoma cruzi ,  Pecari tajacu"
"635","Pithecia irrorata","Trypanosoma cruzi","Trypanosoma cruzi ,  Pithecia irrorata"
"636","Procyon lotor","Trypanosoma cruzi","Trypanosoma cruzi ,  Procyon lotor"
"637","Saguinus bicolor","Trypanosoma cruzi","Trypanosoma cruzi ,  Saguinus bicolor"
"638","Saguinus fuscicollis","Trypanosoma cruzi","Trypanosoma cruzi ,  Saguinus fuscicollis"
"639","Saguinus geoffroyi","Trypanosoma cruzi","Trypanosoma cruzi ,  Saguinus geoffroyi"
"640","Saguinus labiatus","Trypanosoma cruzi","Trypanosoma cruzi ,  Saguinus labiatus"
"641","Saguinus leucopus","Trypanosoma cruzi","Trypanosoma cruzi ,  Saguinus leucopus"
"642","Saguinus midas","Trypanosoma cruzi","Trypanosoma cruzi ,  Saguinus midas"
"643","Saguinus nigricollis","Trypanosoma cruzi","Trypanosoma cruzi ,  Saguinus nigricollis"
"644","Saimiri boliviensis","Trypanosoma cruzi","Trypanosoma cruzi ,  Saimiri boliviensis"
"645","Saimiri sciureus","Trypanosoma cruzi","Trypanosoma cruzi ,  Saimiri sciureus"
"646","Saimiri ustus","Trypanosoma cruzi","Trypanosoma cruzi ,  Saimiri ustus"
"647","Sus scrofa","Trypanosoma cruzi","Trypanosoma cruzi ,  Sus scrofa"
"648","Tayassu pecari","Trypanosoma cruzi","Trypanosoma cruzi ,  Tayassu pecari"
"649","Urocyon cinereoargenteus","Trypanosoma cruzi","Trypanosoma cruzi ,  Urocyon cinereoargenteus"
"650","Macaca fascicularis","Trypanosoma cyclops","Trypanosoma cyclops ,  Macaca fascicularis"
"651","Macaca nemestrina","Trypanosoma cyclops","Trypanosoma cyclops ,  Macaca nemestrina"
"652","Callicebus brunneus","Trypanosoma devei","Trypanosoma devei ,  Callicebus brunneus"
"653","Callithrix emiliae","Trypanosoma devei","Trypanosoma devei ,  Callithrix emiliae"
"654","Pithecia irrorata","Trypanosoma devei","Trypanosoma devei ,  Pithecia irrorata"
"655","Saguinus fuscicollis","Trypanosoma devei","Trypanosoma devei ,  Saguinus fuscicollis"
"656","Saguinus midas","Trypanosoma devei","Trypanosoma devei ,  Saguinus midas"
"657","Saguinus niger","Trypanosoma devei","Trypanosoma devei ,  Saguinus niger"
"658","Cebus apella","Trypanosoma diasi","Trypanosoma diasi ,  Cebus apella"
"659","Axis axis","Trypanosoma evansi","Trypanosoma evansi ,  Axis axis"
"660","Axis porcinus","Trypanosoma evansi","Trypanosoma evansi ,  Axis porcinus"
"661","Nasua nasua","Trypanosoma evansi","Trypanosoma evansi ,  Nasua nasua"
"662","Pecari tajacu","Trypanosoma evansi","Trypanosoma evansi ,  Pecari tajacu"
"663","Pongo pygmaeus","Trypanosoma evansi","Trypanosoma evansi ,  Pongo pygmaeus"
"664","Rusa unicolor","Trypanosoma evansi","Trypanosoma evansi ,  Rusa unicolor"
"665","Sus scrofa","Trypanosoma evansi","Trypanosoma evansi ,  Sus scrofa"
"666","Tayassu pecari","Trypanosoma evansi","Trypanosoma evansi ,  Tayassu pecari"
"667","Alouatta guariba","Trypanosoma hippicum","Trypanosoma hippicum ,  Alouatta guariba"
"668","Alouatta seniculus","Trypanosoma hippicum","Trypanosoma hippicum ,  Alouatta seniculus"
"669","Galago demidoff","Trypanosoma irangiense","Trypanosoma irangiense ,  Galago demidoff"
"670","Perodicticus potto","Trypanosoma irangiense","Trypanosoma irangiense ,  Perodicticus potto"
"671","Alouatta seniculus","Trypanosoma lambrechti","Trypanosoma lambrechti ,  Alouatta seniculus"
"672","Callicebus torquatus","Trypanosoma lambrechti","Trypanosoma lambrechti ,  Callicebus torquatus"
"673","Cebus albifrons","Trypanosoma lambrechti","Trypanosoma lambrechti ,  Cebus albifrons"
"674","Cebus apella","Trypanosoma lambrechti","Trypanosoma lambrechti ,  Cebus apella"
"675","Chiropotes satanas","Trypanosoma lambrechti","Trypanosoma lambrechti ,  Chiropotes satanas"
"676","Pithecia pithecia","Trypanosoma lambrechti","Trypanosoma lambrechti ,  Pithecia pithecia"
"677","Ateles paniscus","Trypanosoma lesourdi","Trypanosoma lesourdi ,  Ateles paniscus"
"678","Alouatta belzebul","Trypanosoma minasense","Trypanosoma minasense ,  Alouatta belzebul"
"679","Alouatta caraya","Trypanosoma minasense","Trypanosoma minasense ,  Alouatta caraya"
"680","Alouatta guariba","Trypanosoma minasense","Trypanosoma minasense ,  Alouatta guariba"
"681","Alouatta pigra","Trypanosoma minasense","Trypanosoma minasense ,  Alouatta pigra"
"682","Alouatta seniculus","Trypanosoma minasense","Trypanosoma minasense ,  Alouatta seniculus"
"683","Aotus azarae","Trypanosoma minasense","Trypanosoma minasense ,  Aotus azarae"
"684","Aotus trivirgatus","Trypanosoma minasense","Trypanosoma minasense ,  Aotus trivirgatus"
"685","Ateles fusciceps","Trypanosoma minasense","Trypanosoma minasense ,  Ateles fusciceps"
"686","Ateles geoffroyi","Trypanosoma minasense","Trypanosoma minasense ,  Ateles geoffroyi"
"687","Ateles paniscus","Trypanosoma minasense","Trypanosoma minasense ,  Ateles paniscus"
"688","Callicebus brunneus","Trypanosoma minasense","Trypanosoma minasense ,  Callicebus brunneus"
"689","Callicebus cupreus","Trypanosoma minasense","Trypanosoma minasense ,  Callicebus cupreus"
"690","Callicebus ornatus","Trypanosoma minasense","Trypanosoma minasense ,  Callicebus ornatus"
"691","Callithrix jacchus","Trypanosoma minasense","Trypanosoma minasense ,  Callithrix jacchus"
"692","Callithrix penicillata","Trypanosoma minasense","Trypanosoma minasense ,  Callithrix penicillata"
"693","Callithrix pygmaea","Trypanosoma minasense","Trypanosoma minasense ,  Callithrix pygmaea"
"694","Cebus albifrons","Trypanosoma minasense","Trypanosoma minasense ,  Cebus albifrons"
"695","Cebus apella","Trypanosoma minasense","Trypanosoma minasense ,  Cebus apella"
"696","Cebus capucinus","Trypanosoma minasense","Trypanosoma minasense ,  Cebus capucinus"
"697","Lagothrix lagotricha","Trypanosoma minasense","Trypanosoma minasense ,  Lagothrix lagotricha"
"698","Pithecia irrorata","Trypanosoma minasense","Trypanosoma minasense ,  Pithecia irrorata"
"699","Saguinus geoffroyi","Trypanosoma minasense","Trypanosoma minasense ,  Saguinus geoffroyi"
"700","Saguinus midas","Trypanosoma minasense","Trypanosoma minasense ,  Saguinus midas"
"701","Saguinus nigricollis","Trypanosoma minasense","Trypanosoma minasense ,  Saguinus nigricollis"
"702","Saguinus oedipus","Trypanosoma minasense","Trypanosoma minasense ,  Saguinus oedipus"
"703","Saimiri boliviensis","Trypanosoma minasense","Trypanosoma minasense ,  Saimiri boliviensis"
"704","Saimiri oerstedii","Trypanosoma minasense","Trypanosoma minasense ,  Saimiri oerstedii"
"705","Saimiri sciureus","Trypanosoma minasense","Trypanosoma minasense ,  Saimiri sciureus"
"706","Saimiri ustus","Trypanosoma minasense","Trypanosoma minasense ,  Saimiri ustus"
"707","Alouatta belzebul","Trypanosoma mycetae","Trypanosoma mycetae ,  Alouatta belzebul"
"708","Alouatta caraya","Trypanosoma mycetae","Trypanosoma mycetae ,  Alouatta caraya"
"709","Alouatta guariba","Trypanosoma mycetae","Trypanosoma mycetae ,  Alouatta guariba"
"710","Alouatta palliata","Trypanosoma mycetae","Trypanosoma mycetae ,  Alouatta palliata"
"711","Alouatta pigra","Trypanosoma mycetae","Trypanosoma mycetae ,  Alouatta pigra"
"712","Alouatta seniculus","Trypanosoma mycetae","Trypanosoma mycetae ,  Alouatta seniculus"
"713","Chiropotes satanas","Trypanosoma mycetae","Trypanosoma mycetae ,  Chiropotes satanas"
"714","Pithecia irrorata","Trypanosoma mycetae","Trypanosoma mycetae ,  Pithecia irrorata"
"715","Galago demidoff","Trypanosoma perodictici","Trypanosoma perodictici ,  Galago demidoff"
"716","Otolemur crassicaudatus","Trypanosoma perodictici","Trypanosoma perodictici ,  Otolemur crassicaudatus"
"717","Perodicticus potto","Trypanosoma perodictici","Trypanosoma perodictici ,  Perodicticus potto"
"718","Meles meles","Trypanosoma pestanai","Trypanosoma pestanai ,  Meles meles"
"719","Cercopithecus ascanius","Trypanosoma primatum","Trypanosoma primatum ,  Cercopithecus ascanius"
"720","Cercopithecus cephus","Trypanosoma primatum","Trypanosoma primatum ,  Cercopithecus cephus"
"721","Gorilla gorilla","Trypanosoma primatum","Trypanosoma primatum ,  Gorilla gorilla"
"722","Pan troglodytes","Trypanosoma primatum","Trypanosoma primatum ,  Pan troglodytes"
"723","Callicebus brunneus","Trypanosoma rangeli","Trypanosoma rangeli ,  Callicebus brunneus"
"724","Cebus albifrons","Trypanosoma rangeli","Trypanosoma rangeli ,  Cebus albifrons"
"725","Cebus apella","Trypanosoma rangeli","Trypanosoma rangeli ,  Cebus apella"
"726","Cebus capucinus","Trypanosoma rangeli","Trypanosoma rangeli ,  Cebus capucinus"
"727","Pithecia irrorata","Trypanosoma rangeli","Trypanosoma rangeli ,  Pithecia irrorata"
"728","Saguinus fuscicollis","Trypanosoma rangeli","Trypanosoma rangeli ,  Saguinus fuscicollis"
"729","Saguinus geoffroyi","Trypanosoma rangeli","Trypanosoma rangeli ,  Saguinus geoffroyi"
"730","Saguinus midas","Trypanosoma rangeli","Trypanosoma rangeli ,  Saguinus midas"
"731","Saimiri boliviensis","Trypanosoma rangeli","Trypanosoma rangeli ,  Saimiri boliviensis"
"732","Saimiri sciureus","Trypanosoma rangeli","Trypanosoma rangeli ,  Saimiri sciureus"
"733","Saimiri ustus","Trypanosoma rangeli","Trypanosoma rangeli ,  Saimiri ustus"
"734","Saimiri sciureus","Trypanosoma sanmartini","Trypanosoma sanmartini ,  Saimiri sciureus"
"735","Camelus dromedarius","Trypanosoma simiae","Trypanosoma simiae ,  Camelus dromedarius"
"736","Cephalophus dorsalis","Trypanosoma simiae","Trypanosoma simiae ,  Cephalophus dorsalis"
"737","Ceratotherium simum","Trypanosoma simiae","Trypanosoma simiae ,  Ceratotherium simum"
"738","Phacochoerus aethiopicus","Trypanosoma simiae","Trypanosoma simiae ,  Phacochoerus aethiopicus"
"739","Philantomba monticola","Trypanosoma simiae","Trypanosoma simiae ,  Philantomba monticola"
"740","Syncerus caffer","Trypanosoma theileri","Trypanosoma theileri ,  Syncerus caffer"
"741","Alouatta guariba","Trypanosoma venezuelense","Trypanosoma venezuelense ,  Alouatta guariba"
"742","Alouatta seniculus","Trypanosoma venezuelense","Trypanosoma venezuelense ,  Alouatta seniculus"
"743","Alcelaphus buselaphus","Trypanosoma vivax","Trypanosoma vivax ,  Alcelaphus buselaphus"
"744","Cephalophus dorsalis","Trypanosoma vivax","Trypanosoma vivax ,  Cephalophus dorsalis"
"745","Cercopithecus cephus","Trypanosoma vivax","Trypanosoma vivax ,  Cercopithecus cephus"
"746","Cercopithecus mona","Trypanosoma vivax","Trypanosoma vivax ,  Cercopithecus mona"
"747","Cercopithecus nictitans","Trypanosoma vivax","Trypanosoma vivax ,  Cercopithecus nictitans"
"748","Kobus kob","Trypanosoma vivax","Trypanosoma vivax ,  Kobus kob"
"749","Miopithecus talapoin","Trypanosoma vivax","Trypanosoma vivax ,  Miopithecus talapoin"
"750","Perodicticus potto","Trypanosoma vivax","Trypanosoma vivax ,  Perodicticus potto"
"751","Philantomba monticola","Trypanosoma vivax","Trypanosoma vivax ,  Philantomba monticola"
"752","Tragelaphus spekii","Trypanosoma vivax","Trypanosoma vivax ,  Tragelaphus spekii"
"753","Diceros bicornis","Babesia bicornis","Babesia bicornis ,  Diceros bicornis"
"754","Capreolus capreolus","Babesia divergens","Babesia divergens ,  Capreolus capreolus"
"755","Cervus elaphus","Babesia divergens","Babesia divergens ,  Cervus elaphus"
"756","Rupicapra rupicapra","Babesia divergens","Babesia divergens ,  Rupicapra rupicapra"
"757","Ceratotherium simum","Blepharocorys jubata","Blepharocorys jubata ,  Ceratotherium simum"
"758","Hippopotamus amphibius","Charonina hippopotami","Charonina hippopotami ,  Hippopotamus amphibius"
"759","Diceros bicornis","Cycloposthium bipalmatum","Cycloposthium bipalmatum ,  Diceros bicornis"
"760","Diceros bicornis","Cycloposthium corrugatum","Cycloposthium corrugatum ,  Diceros bicornis"
"761","Diceros bicornis","Cycloposthium dentiferum","Cycloposthium dentiferum ,  Diceros bicornis"
"762","Diceros bicornis","Cycloposthium edentatum","Cycloposthium edentatum ,  Diceros bicornis"
"763","Diceros bicornis","Cycloposthium scutigerum","Cycloposthium scutigerum ,  Diceros bicornis"
"764","Equus burchellii","Cycloposthium scutigerum","Cycloposthium scutigerum ,  Equus burchellii"
"765","Equus caballus","Cycloposthium scutigerum","Cycloposthium scutigerum ,  Equus caballus"
"766","Diceros bicornis","Diplodinium anacanthum","Diplodinium anacanthum ,  Diceros bicornis"
"767","Diceros bicornis","Diplodinium dentatum","Diplodinium dentatum ,  Diceros bicornis"
"768","Diceros bicornis","Diploplastron affine","Diploplastron affine ,  Diceros bicornis"
"769","Capricornis crispus","Eimeria crispus","Eimeria crispus ,  Capricornis crispus"
"770","Rangifer tarandus","Eimeria hreindyria","Eimeria hreindyria ,  Rangifer tarandus"
"771","Capricornis crispus","Eimeria kamoshika","Eimeria kamoshika ,  Capricornis crispus"
"772","Capricornis swinhoei","Eimeria kamoshika","Eimeria kamoshika ,  Capricornis swinhoei"
"773","Rangifer tarandus","Eimeria mayeri","Eimeria mayeri ,  Rangifer tarandus"
"774","Rangifer tarandus","Eimeria rangiferis","Eimeria rangiferis ,  Rangifer tarandus"
"775","Capricornis crispus","Eimeria serowi","Eimeria serowi ,  Capricornis crispus"
"776","Diceros bicornis","Elyplastron bubali","Elyplastron bubali ,  Diceros bicornis"
"777","Cercocebus galeritus","Entamoeba histolytica","Entamoeba histolytica ,  Cercocebus galeritus"
"778","Cercopithecus ascanius","Entamoeba histolytica","Entamoeba histolytica ,  Cercopithecus ascanius"
"779","Cercopithecus mitis","Entamoeba histolytica","Entamoeba histolytica ,  Cercopithecus mitis"
"780","Chlorocebus aethiops","Entamoeba histolytica","Entamoeba histolytica ,  Chlorocebus aethiops"
"781","Colobus angolensis","Entamoeba histolytica","Entamoeba histolytica ,  Colobus angolensis"
"782","Colobus guereza","Entamoeba histolytica","Entamoeba histolytica ,  Colobus guereza"
"783","Colobus vellerosus","Entamoeba histolytica","Entamoeba histolytica ,  Colobus vellerosus"
"784","Equus grevyi","Entamoeba histolytica","Entamoeba histolytica ,  Equus grevyi"
"785","Gorilla beringei","Entamoeba histolytica","Entamoeba histolytica ,  Gorilla beringei"
"786","Gorilla gorilla","Entamoeba histolytica","Entamoeba histolytica ,  Gorilla gorilla"
"787","Lophocebus albigena","Entamoeba histolytica","Entamoeba histolytica ,  Lophocebus albigena"
"788","Macaca fuscata","Entamoeba histolytica","Entamoeba histolytica ,  Macaca fuscata"
"789","Macaca sinica","Entamoeba histolytica","Entamoeba histolytica ,  Macaca sinica"
"790","Mandrillus sphinx","Entamoeba histolytica","Entamoeba histolytica ,  Mandrillus sphinx"
"791","Pan troglodytes","Entamoeba histolytica","Entamoeba histolytica ,  Pan troglodytes"
"792","Papio anubis","Entamoeba histolytica","Entamoeba histolytica ,  Papio anubis"
"793","Papio cynocephalus","Entamoeba histolytica","Entamoeba histolytica ,  Papio cynocephalus"
"794","Papio hamadryas","Entamoeba histolytica","Entamoeba histolytica ,  Papio hamadryas"
"795","Papio papio","Entamoeba histolytica","Entamoeba histolytica ,  Papio papio"
"796","Papio ursinus","Entamoeba histolytica","Entamoeba histolytica ,  Papio ursinus"
"797","Piliocolobus rufomitratus","Entamoeba histolytica","Entamoeba histolytica ,  Piliocolobus rufomitratus"
"798","Piliocolobus tephrosceles","Entamoeba histolytica","Entamoeba histolytica ,  Piliocolobus tephrosceles"
"799","Pongo pygmaeus","Entamoeba histolytica","Entamoeba histolytica ,  Pongo pygmaeus"
"800","Semnopithecus priam","Entamoeba histolytica","Entamoeba histolytica ,  Semnopithecus priam"
"801","Trachypithecus cristatus","Entamoeba histolytica","Entamoeba histolytica ,  Trachypithecus cristatus"
"802","Trachypithecus vetulus","Entamoeba histolytica","Entamoeba histolytica ,  Trachypithecus vetulus"
"803","Ceratotherium simum","Entodinium bicornutum","Entodinium bicornutum ,  Ceratotherium simum"
"804","Diceros bicornis","Entodinium bicornutum","Entodinium bicornutum ,  Diceros bicornis"
"805","Diceros bicornis","Entodinium bursa","Entodinium bursa ,  Diceros bicornis"
"806","Ceratotherium simum","Entodinium caudatum","Entodinium caudatum ,  Ceratotherium simum"
"807","Diceros bicornis","Entodinium caudatum","Entodinium caudatum ,  Diceros bicornis"
"808","Ceratotherium simum","Entodinium dubardi","Entodinium dubardi ,  Ceratotherium simum"
"809","Diceros bicornis","Entodinium dubardi","Entodinium dubardi ,  Diceros bicornis"
"810","Ceratotherium simum","Entodinium furca","Entodinium furca ,  Ceratotherium simum"
"811","Diceros bicornis","Entodinium furca","Entodinium furca ,  Diceros bicornis"
"812","Ceratotherium simum","Entodinium minimum","Entodinium minimum ,  Ceratotherium simum"
"813","Diceros bicornis","Entodinium minimum","Entodinium minimum ,  Diceros bicornis"
"814","Ceratotherium simum","Epidinium bulbiferum","Epidinium bulbiferum ,  Ceratotherium simum"
"815","Diceros bicornis","Epidinium bulbiferum","Epidinium bulbiferum ,  Diceros bicornis"
"816","Diceros bicornis","Epidinium caudatum","Epidinium caudatum ,  Diceros bicornis"
"817","Ceratotherium simum","Epidinium gigas","Epidinium gigas ,  Ceratotherium simum"
"818","Diceros bicornis","Epidinium gigas","Epidinium gigas ,  Diceros bicornis"
"819","Ceratotherium simum","Eudiplodinium maggi","Eudiplodinium maggi ,  Ceratotherium simum"
"820","Diceros bicornis","Eudiplodinium maggi","Eudiplodinium maggi ,  Diceros bicornis"
"821","Ceratotherium simum","Metadinium medium","Metadinium medium ,  Ceratotherium simum"
"822","Diceros bicornis","Metadinium medium","Metadinium medium ,  Diceros bicornis"
"823","Diceros bicornis","Ostracodinium gracile","Ostracodinium gracile ,  Diceros bicornis"
"824","Diceros bicornis","Ostracodinium mammosum","Ostracodinium mammosum ,  Diceros bicornis"
"825","Diceros bicornis","Ostracodinium trivesiculatum","Ostracodinium trivesiculatum ,  Diceros bicornis"
"826","Hippopotamus amphibius","Paraisotricha minuta","Paraisotricha minuta ,  Hippopotamus amphibius"
"827","Hippopotamus amphibius","Paraplagiopyla kiboko","Paraplagiopyla kiboko ,  Hippopotamus amphibius"
"828","Hippopotamus amphibius","Parentodinium africanum","Parentodinium africanum ,  Hippopotamus amphibius"
"829","Hippopotamus amphibius","Parentodinium ostrea","Parentodinium ostrea ,  Hippopotamus amphibius"
"830","Diceros bicornis","Polyplastron multivesiculatum","Polyplastron multivesiculatum ,  Diceros bicornis"
"831","Gorilla gorilla","Prototapirella gorillae","Prototapirella gorillae ,  Gorilla gorilla"
"832","Alces alces","Sarcocystis alces","Sarcocystis alces ,  Alces alces"
"833","Rangifer tarandus","Sarcocystis hardangeri","Sarcocystis hardangeri ,  Rangifer tarandus"
"834","Alces alces","Sarcocystis ovalis","Sarcocystis ovalis ,  Alces alces"
"835","Alces alces","Sarcocystis scandinavica","Sarcocystis scandinavica ,  Alces alces"
"836","Diceros bicornis","Spirodinium equi","Spirodinium equi ,  Diceros bicornis"
"837","Diceros bicornis","Tetratoxum parvum","Tetratoxum parvum ,  Diceros bicornis"
"838","Diceros bicornis","Tetratoxum unifasciculatum","Tetratoxum unifasciculatum ,  Diceros bicornis"
"839","Diceros bicornis","Triadinium galea","Triadinium galea ,  Diceros bicornis"
"840","Pan troglodytes","Troglocorys cava","Troglocorys cava ,  Pan troglodytes"
